{"_runtime": 146.705772553, "Loss/CE": 0.2950775921344757, "Loss/KD": 1077.98583984375, "Loss/KD_weighted": 1077.98583984375, "_step": 606, "Loss/total": 1081.1810302734375, "Loss/RL_policy": 0.4887700080871582, "Loss/CE_weighted": 2.950775921344757, "Loss/RL_weighted": 0.2443850040435791, "Train/accuracy": 1, "Train/avg_decision_steps": 6, "System/gpu_mem_GB": 31.096223831176758, "_timestamp": 1774882221.1616924, "Epoch/accuracy": 0.5504664970313825, "epoch": 1}