{"_runtime": 417, "Loss/RL_weighted": -0.7021845579147339, "Loss/KD_weighted": 1.6393078613281251, "Train/accuracy": 1, "Train/avg_decision_steps": 7, "Loss/total": 5.677893161773682, "Loss/RL_policy": -1.4043691158294678, "System/gpu_mem_GB": 31.805617332458496, "_timestamp": 1774884229.715105, "_step": 1770, "Loss/CE": 0.4740769863128662, "Loss/KD": 1639.307861328125, "Loss/CE_weighted": 4.740769863128662, "epoch": 3, "Epoch/accuracy": 0.5784563189143341}