{"_runtime": 420, "System/gpu_mem_GB": 31.425493717193604, "_timestamp": 1774882856.3922217, "Loss/total": 1284.5814208984375, "Loss/CE": 0.5623775124549866, "Loss/RL_policy": -1.7807179689407349, "Loss/CE_weighted": 5.623775124549866, "Loss/RL_weighted": -0.8903589844703674, "Loss/KD_weighted": 1279.8480224609375, "_step": 1770, "Loss/KD": 1279.8480224609375, "Train/accuracy": 1, "Train/avg_decision_steps": 6, "Epoch/accuracy": 0.6064461407972859, "epoch": 3}